access_id,link_title,LDAP code,LDAP description
660,2012–13 Campaign,HWCAM,Healthy Workplaces Campaigns
661,2014–15 Campaign,HWCAM,Healthy Workplaces Campaigns
637,About EU-OSHA,CORPCM,Corporate Communications
668,Ageing & OSH,OSHOW,OSH overview – Older workers
994,Annual reports,ANNREP,Annual Reports
3072,Become a media partner,PROOM,Press Room
1012,Benefits of OSH,OSHCB,OSH overview – Costs and Benefits of OSH
1717,Blog,BLOG,Blog
1003,Board & Bureau,STRNET,Strategic Networking 
674,Careers,CAREER,Careers
1028,Composition of the advisory groups,STRNET,Strategic Networking 
1004,Composition of the board,STRNET,Strategic Networking 
672,Dangerous substances,DANGSU,Dangerous substances
998,Data protection,DPO,Data Protection
3076,Document register,INTDOC,Internal Documents
987,e–guide manage stress,PSYRST,Pychosocial risks and stress
988,e–guide on ageing,OSHOW,OSH overview – Older workers
986,e–guide VeSafe,VESAFE,VeSafe
628,Emerging risks,GREENJ,Green Jobs
669,Enterprise survey (ESENER),ESENER,ESENER
649,EU directives,ONETKA,Other networking knowledge actions
650,EU guidelines,ONETKA,Other networking knowledge actions
983,EU poll 2013,OSHPOL,OSH Opinion Polls
656,EU polls on safety & health,OSHPOL,OSH Opinion Polls
993,EU risk observatory,ERO,European risk observatory
979,EU-OSHA awards,GPAWA,Good practice awards
995,Evaluation,STRNET,Strategic Networking 
1513,Events,AWRACT,Awareness raising actions
3074,Finance & budget information,FINANC,Finance
1000,Finance and budget,FINANC,Finance
1002,Founding regulation,STRNET,Strategic Networking 
1006,Fraud and conflict of interest prevention,FRAUPR,Fraud prevention
665,Future campaigns,HWCAM,Healthy Workplaces Campaigns
997,Good administrative behaviour,STRNET,Strategic Networking 
644,Good practice awards,GPAWA,Good practice awards
645,Governance,STRNET,Strategic Networking 
968,Green jobs,GREENJ,Green Jobs
638,Healthy workplaces campaigns,HWCAM,Healthy Workplaces Campaigns
967,Home,AWRACT,Awareness raising actions
992,Infographics,CORPCM,Corporate Communications
646,Leadership & worker participation,LEADWP,Leadership and worker participation
975,Legislation,ONETKA,Other networking knowledge actions
643,Mainstreaming OSH into education,MAINOE,Mainstreaming osh education
642,Micro and small enterprises & OSH,OSHMSE,OSH overview – Micro and small enterprises
972,Mission & Vision,STRNET,Strategic Networking 
639,Musculoskeletal disorders,MUSCDI,Musculoskeletal disorders
990,Napo,AWRACT,Awareness raising actions
974,National focal points,OPENET,Operational networking
647,National legislation,ONETKA,Other networking knowledge actions
655,OSHwiki,OSHWIK,OSHwiki
1698,Press kit,PROOM,Press Room
673,Press room,PROOM,Press Room
671,Previous campaigns,HWCAM,Healthy Workplaces Campaigns
670,Procurement,PROCUR,Procurement
652,Publications,PUBLIC,Publications
964,REACH,DANGSU,Dangerous substances
648,Risk assessment tool (OIRA),OIRA,OiRA tool
1696,Seminar reports,SEMIN,Seminars
1026,Senior staff,SENSTF,Senior Staff
970,Strategy and programmes,STRNET,Strategic Networking 
631,Surveys & Statistics,FACTFI,Facts and figures
632,Themes,OSHTHE,OSH Themes
634,Tools & Publications,CORPCM,Corporate Communications
666,What we do,STRNET,Strategic Networking 
663,Women & OSH,OSHOW,OSH overview – Older workers
662,Work–related diseases,,
659,Young people & OSH,YOUNGW,Young workers
